id,first_name,last_name,email,gender
1,Milton,Cliss,mcliss0@ycombinator.com,Female
2,Tammy,Newlands,tnewlands1@phoca.cz,Male
3,Leshia,Beswick,lbeswick2@issuu.com,Male
4,Aylmar,Yeldham,ayeldham3@bloglines.com,Male
5,Savina,Finker,sfinker4@mayoclinic.com,Female
6,Pierce,Housin,phousin5@rakuten.co.jp,Male
7,Bendite,Cranmere,bcranmere6@ow.ly,Polygender
8,Tedmund,Angell,tangell7@goo.gl,Female
9,Staffard,Pecha,specha8@elegantthemes.com,Male
10,Abbie,Ander,aander9@salon.com,Female
11,Carver,Clayhill,cclayhilla@archive.org,Female
12,Timotheus,Jorge,tjorgeb@cnbc.com,Female
13,Jessa,Crowest,jcrowestc@princeton.edu,Male
14,Tonye,Beyer,tbeyerd@stumbleupon.com,Male
15,Randa,Raddish,rraddishe@example.com,Female
16,Trula,Espinet,tespinetf@moonfruit.com,Male
17,Bev,Lettsom,blettsomg@paginegialle.it,Female
18,Sanderson,Deshon,sdeshonh@unicef.org,Female
19,Rosalinda,Fordyce,rfordycei@tinypic.com,Male
20,Hamlen,Verden,hverdenj@linkedin.com,Male
21,Jacqueline,Soonhouse,jsoonhousek@privacy.gov.au,Female
22,Anissa,Antonazzi,aantonazzil@reference.com,Male
23,Randell,Koenen,rkoenenm@altervista.org,Female
24,Hetty,Dye,hdyen@fda.gov,Male
25,Trever,Phant,tphanto@google.ca,Non-binary
26,Garnette,Macguire,gmacguirep@tripod.com,Female
27,Tymothy,Schrei,tschreiq@baidu.com,Female
28,Saw,Swain,sswainr@flickr.com,Female
29,Ameline,Devonish,adevonishs@wired.com,Female
30,Mellisent,Rawcliffe,mrawcliffet@mozilla.org,Male
31,Tedmund,Mendel,tmendelu@marketwatch.com,Male
32,Kaila,Birdfield,kbirdfieldv@businessinsider.com,Female
33,Bartolomeo,Hughlock,bhughlockw@twitpic.com,Female
34,Margeaux,Vanyatin,mvanyatinx@alexa.com,Male
35,Carlo,Mc Carrick,cmccarricky@unesco.org,Male
36,Lefty,Lochet,llochetz@hatena.ne.jp,Female
37,Tim,Handrek,thandrek10@ebay.co.uk,Male
38,Amber,Challoner,achalloner11@ftc.gov,Male
39,Polly,Lassetter,plassetter12@princeton.edu,Male
40,Darleen,Dowears,ddowears13@github.io,Non-binary
41,Jack,Whitlaw,jwhitlaw14@xing.com,Male
42,Jessie,Phoenix,jphoenix15@smugmug.com,Female
43,Quintus,Gennrich,qgennrich16@spotify.com,Female
44,Cull,Godfrey,cgodfrey17@spiegel.de,Male
45,Marguerite,Swires,mswires18@arizona.edu,Male
46,Glenine,Dene,gdene19@g.co,Non-binary
47,Kelwin,Brewster,kbrewster1a@utexas.edu,Female
48,Leelah,Bracco,lbracco1b@wsj.com,Female
49,Walt,Peinke,wpeinke1c@e-recht24.de,Female
50,Jerrylee,Oppy,joppy1d@umn.edu,Female
51,Melisent,Legg,mlegg1e@typepad.com,Male
52,Alyce,Firpi,afirpi1f@netlog.com,Non-binary
53,Kellby,Ebdin,kebdin1g@mediafire.com,Male
54,Chantal,Wilton,cwilton1h@nyu.edu,Female
55,Giorgia,Lunam,glunam1i@wikia.com,Male
56,Shirlee,Thomsson,sthomsson1j@eventbrite.com,Female
57,Rooney,Crosi,rcrosi1k@slate.com,Female
58,Virgina,Spirritt,vspirritt1l@skype.com,Female
59,Shayla,Verralls,sverralls1m@mediafire.com,Male
60,Emlynne,McVanamy,emcvanamy1n@hud.gov,Male
61,Eda,Drewell,edrewell1o@unicef.org,Female
62,Minnie,O'Neal,moneal1p@stanford.edu,Male
63,Araldo,Vassman,avassman1q@narod.ru,Male
64,Minnie,Pitsall,mpitsall1r@goo.ne.jp,Male
65,Morly,Killwick,mkillwick1s@imageshack.us,Female
66,Tallulah,Schukraft,tschukraft1t@mail.ru,Female
67,Belicia,Rockcliffe,brockcliffe1u@cmu.edu,Genderqueer
68,Valentine,Stewartson,vstewartson1v@about.com,Female
69,Benni,Mountlow,bmountlow1w@ucoz.ru,Female
70,Lizbeth,Kuhnert,lkuhnert1x@photobucket.com,Female
71,Elie,Anersen,eanersen1y@icio.us,Female
72,Kaine,Durnill,kdurnill1z@si.edu,Male
73,Petunia,Biaggi,pbiaggi20@ca.gov,Female
74,Wat,Bradshaw,wbradshaw21@arstechnica.com,Female
75,Jacintha,Abrahamson,jabrahamson22@youtu.be,Male
76,Dorian,Allman,dallman23@addthis.com,Male
77,Sig,Tuffs,stuffs24@slashdot.org,Female
78,Gusti,Sheals,gsheals25@freewebs.com,Non-binary
79,Viva,Amyes,vamyes26@noaa.gov,Male
80,Mollee,Gonsalvo,mgonsalvo27@netvibes.com,Polygender
81,Milzie,Gawne,mgawne28@ebay.com,Female
82,Othilia,Hyams,ohyams29@youku.com,Female
83,Zaccaria,Couvert,zcouvert2a@businesswire.com,Male
84,Christye,Kyne,ckyne2b@shop-pro.jp,Polygender
85,Berke,Wixey,bwixey2c@ebay.co.uk,Male
86,Ike,Milnthorpe,imilnthorpe2d@stumbleupon.com,Male
87,Paulo,Banthorpe,pbanthorpe2e@microsoft.com,Male
88,Hillie,Lenin,hlenin2f@domainmarket.com,Female
89,Rodina,Maine,rmaine2g@fema.gov,Polygender
90,Isidore,Chard,ichard2h@wiley.com,Female
91,Tedd,Yurenev,tyurenev2i@github.io,Male
92,Aprilette,Frowde,afrowde2j@amazon.co.jp,Bigender
93,Sela,Wilcot,swilcot2k@csmonitor.com,Female
94,Garvy,Goskar,ggoskar2l@globo.com,Female
95,Orazio,Vela,ovela2m@berkeley.edu,Male
96,Richardo,Roma,rroma2n@usda.gov,Female
97,Hendrika,Bakster,hbakster2o@hhs.gov,Female
98,Jannel,Moodey,jmoodey2p@ucla.edu,Female
99,Christophe,Krzyzaniak,ckrzyzaniak2q@theglobeandmail.com,Male
100,Charlot,Attoe,cattoe2r@cnbc.com,Male
101,Tammi,Chilley,tchilley2s@usatoday.com,Male
102,Rudiger,Marcham,rmarcham2t@t-online.de,Male
103,Feliks,Lebreton,flebreton2u@earthlink.net,Male
104,Elijah,Haysar,ehaysar2v@quantcast.com,Male
105,Olympia,Verrillo,overrillo2w@lulu.com,Female
106,Phoebe,Symonds,psymonds2x@marriott.com,Agender
107,Bettye,Beeck,bbeeck2y@amazon.co.jp,Male
108,Dun,MacMenamie,dmacmenamie2z@bluehost.com,Male
109,Neddie,Downham,ndownham30@illinois.edu,Polygender
110,Darrick,Wulfinger,dwulfinger31@addtoany.com,Female
111,Eleonore,Toffanelli,etoffanelli32@mapquest.com,Female
112,Jarrid,Eam,jeam33@fastcompany.com,Female
113,Siobhan,Tourle,stourle34@vistaprint.com,Agender
114,Elaine,Scallon,escallon35@intel.com,Female
115,Averell,Cartin,acartin36@wiley.com,Male
116,Chicky,Bresson,cbresson37@stumbleupon.com,Male
117,Noell,Roches,nroches38@studiopress.com,Genderfluid
118,Drusie,Gilman,dgilman39@tumblr.com,Non-binary
119,Johnny,Joynes,jjoynes3a@ameblo.jp,Genderfluid
120,Boone,Stroyan,bstroyan3b@sitemeter.com,Male
121,Ursa,Joskowicz,ujoskowicz3c@usa.gov,Male
122,Lilith,Perassi,lperassi3d@wsj.com,Male
123,Theadora,Carmody,tcarmody3e@hhs.gov,Male
124,Velvet,Mohring,vmohring3f@hc360.com,Male
125,Natasha,Derry,nderry3g@pagesperso-orange.fr,Male
126,Vinson,Crighten,vcrighten3h@webmd.com,Female
127,Jeffie,Dillestone,jdillestone3i@virginia.edu,Non-binary
128,Tammi,Rymell,trymell3j@livejournal.com,Male
129,Tara,Prantl,tprantl3k@ucsd.edu,Male
130,Giulietta,Ahren,gahren3l@miibeian.gov.cn,Female
131,Wain,Valentin,wvalentin3m@bizjournals.com,Male
132,Meagan,Frenzl,mfrenzl3n@ucsd.edu,Male
133,Selene,Corbally,scorbally3o@timesonline.co.uk,Female
134,Theresa,Ellington,tellington3p@techcrunch.com,Male
135,Lindy,Vasilyevski,lvasilyevski3q@ihg.com,Male
136,Orton,Michel,omichel3r@dmoz.org,Female
137,Scarface,Pestor,spestor3s@altervista.org,Male
138,Melina,Diano,mdiano3t@latimes.com,Genderqueer
139,Sergei,Dakin,sdakin3u@shareasale.com,Female
140,Abie,Scardafield,ascardafield3v@booking.com,Male
141,Sharyl,Cottle,scottle3w@blogger.com,Female
142,Arda,Gainsborough,againsborough3x@sohu.com,Female
143,Donica,Vittel,dvittel3y@hugedomains.com,Male
144,Tymothy,Mulqueeny,tmulqueeny3z@imgur.com,Genderfluid
145,Dalli,Huitt,dhuitt40@miitbeian.gov.cn,Non-binary
146,Christiane,Troppmann,ctroppmann41@intel.com,Female
147,Dom,Eadmeades,deadmeades42@ucla.edu,Female
148,Astra,Rogister,arogister43@t.co,Polygender
149,Wilbert,Stearndale,wstearndale44@technorati.com,Female
150,Merilyn,Ireson,mireson45@ehow.com,Male
151,Neville,Weeds,nweeds46@arstechnica.com,Male
152,Florence,Clethro,fclethro47@artisteer.com,Male
153,Garnet,Bownass,gbownass48@dyndns.org,Male
154,Kaitlynn,Bentke,kbentke49@buzzfeed.com,Genderfluid
155,Elita,Sellner,esellner4a@home.pl,Male
156,Paige,Labern,plabern4b@smugmug.com,Male
157,Mirabel,Storms,mstorms4c@newyorker.com,Male
158,Abramo,Ruddle,aruddle4d@lycos.com,Female
159,Lillis,Toquet,ltoquet4e@amazon.com,Male
160,Cordula,Banting,cbanting4f@photobucket.com,Female
161,Hersh,Minett,hminett4g@domainmarket.com,Female
162,Washington,Corinton,wcorinton4h@addtoany.com,Male
163,Tallia,Yven,tyven4i@quantcast.com,Male
164,Gunilla,Angell,gangell4j@icio.us,Male
165,Syman,Jedrzaszkiewicz,sjedrzaszkiewicz4k@howstuffworks.com,Female
166,Bebe,Brownstein,bbrownstein4l@nyu.edu,Female
167,Boniface,Rouby,brouby4m@wordpress.com,Female
168,Jodi,Wison,jwison4n@examiner.com,Female
169,Cirstoforo,Letessier,cletessier4o@wisc.edu,Male
170,Fannie,Righy,frighy4p@msu.edu,Female
171,Amara,Rain,arain4q@php.net,Female
172,Winfred,Hugonnet,whugonnet4r@kickstarter.com,Male
173,Annnora,Raubheim,araubheim4s@google.fr,Male
174,Thomas,Fowley,tfowley4t@photobucket.com,Female
175,Karisa,Strettle,kstrettle4u@ihg.com,Female
176,Genvieve,Karadzas,gkaradzas4v@uol.com.br,Female
177,Gusty,Gulleford,ggulleford4w@123-reg.co.uk,Female
178,Teddy,Critchlow,tcritchlow4x@plala.or.jp,Female
179,Rick,Woodburne,rwoodburne4y@storify.com,Female
180,Alysia,Terrazzo,aterrazzo4z@toplist.cz,Female
181,Gelya,Woolway,gwoolway50@youtube.com,Male
182,Penelope,Clethro,pclethro51@ifeng.com,Male
183,Cherri,Matthewson,cmatthewson52@phoca.cz,Male
184,Ignacio,Corro,icorro53@studiopress.com,Female
185,Patsy,Beseke,pbeseke54@un.org,Female
186,Freddy,Navein,fnavein55@wired.com,Male
187,Dani,Poulton,dpoulton56@php.net,Female
188,Stu,Stuchbery,sstuchbery57@mayoclinic.com,Bigender
189,Eyde,Mutton,emutton58@amazonaws.com,Female
190,Gretal,Roan,groan59@mysql.com,Male
191,Romona,Fawdrie,rfawdrie5a@dedecms.com,Male
192,Maridel,Spurriar,mspurriar5b@taobao.com,Female
193,Angelo,Fraine,afraine5c@redcross.org,Female
194,Novelia,Gilks,ngilks5d@state.gov,Male
195,George,Pantin,gpantin5e@friendfeed.com,Female
196,Gunther,Askham,gaskham5f@ask.com,Bigender
197,Jacklin,Durtnel,jdurtnel5g@ucla.edu,Female
198,Carver,Beynkn,cbeynkn5h@cbc.ca,Male
199,Emelia,Provis,eprovis5i@ehow.com,Female
200,Graham,Deniseau,gdeniseau5j@flavors.me,Agender
201,Gwyneth,Fiddler,gfiddler5k@opera.com,Agender
202,Carlyn,Truelove,ctruelove5l@over-blog.com,Female
203,Hyacinthie,Moodie,hmoodie5m@webmd.com,Male
204,Giovanni,Babinski,gbabinski5n@ycombinator.com,Female
205,Lin,Coldwell,lcoldwell5o@over-blog.com,Male
206,Marlo,Bryer,mbryer5p@devhub.com,Male
207,Bartlet,Dumbrall,bdumbrall5q@exblog.jp,Male
208,Emilie,Kiddie,ekiddie5r@constantcontact.com,Male
209,Flossi,Nourse,fnourse5s@army.mil,Female
210,Rebekkah,Brandsma,rbrandsma5t@photobucket.com,Male
211,Rodolph,Denge,rdenge5u@360.cn,Bigender
212,Idaline,Wellsman,iwellsman5v@usatoday.com,Male
213,Quint,Bourdon,qbourdon5w@economist.com,Female
214,Olav,Mintoff,omintoff5x@mashable.com,Female
215,Glyn,Le Breton De La Vieuville,glebretondelavieuville5y@comsenz.com,Female
216,Stephana,Rashleigh,srashleigh5z@slideshare.net,Male
217,Winfield,Guerra,wguerra60@mysql.com,Female
218,Stefa,Gashion,sgashion61@hud.gov,Agender
219,Osgood,Fluger,ofluger62@yandex.ru,Female
220,Sibylla,Allenby,sallenby63@sogou.com,Male
221,Selie,Thurske,sthurske64@qq.com,Female
222,Henrie,Speakman,hspeakman65@earthlink.net,Female
223,Jarret,Van Brug,jvanbrug66@google.com.hk,Female
224,Bev,Wykey,bwykey67@umich.edu,Female
225,Heidie,Tegler,htegler68@opera.com,Bigender
226,Kayley,Divisek,kdivisek69@blogs.com,Non-binary
227,Roz,Jopke,rjopke6a@furl.net,Male
228,Emmey,Handrok,ehandrok6b@bing.com,Male
229,Andrej,Yanez,ayanez6c@elpais.com,Male
230,Caril,Hickisson,chickisson6d@go.com,Female
231,Kilian,Briat,kbriat6e@scientificamerican.com,Female
232,Nanine,Gimeno,ngimeno6f@skype.com,Bigender
233,Mervin,Comerford,mcomerford6g@upenn.edu,Female
234,Romain,Danilevich,rdanilevich6h@tinyurl.com,Female
235,Dayle,Faucett,dfaucett6i@taobao.com,Female
236,Daren,Falkous,dfalkous6j@irs.gov,Female
237,Fiorenze,Twinning,ftwinning6k@uiuc.edu,Female
238,Yvette,Garrould,ygarrould6l@nature.com,Male
239,Timi,McCaw,tmccaw6m@paginegialle.it,Male
240,Corrina,Lippett,clippett6n@xrea.com,Male
241,Nichole,Norssister,nnorssister6o@topsy.com,Female
242,Haskell,Waplington,hwaplington6p@reference.com,Female
243,Arlen,Clemitt,aclemitt6q@edublogs.org,Female
244,Venita,Suttie,vsuttie6r@feedburner.com,Male
245,Robby,Bleckly,rbleckly6s@yale.edu,Female
246,Basile,Maypes,bmaypes6t@storify.com,Female
247,Randene,Tomasello,rtomasello6u@storify.com,Male
248,Ashby,Franzke,afranzke6v@toplist.cz,Male
249,Nicolai,MacNamara,nmacnamara6w@rakuten.co.jp,Male
250,Teresina,Spurgin,tspurgin6x@foxnews.com,Male
251,Taite,Gyse,tgyse6y@fc2.com,Male
252,Oliver,Muggeridge,omuggeridge6z@army.mil,Male
253,Mateo,Pullan,mpullan70@amazon.de,Male
254,Kelbee,Geyton,kgeyton71@uiuc.edu,Female
255,Lock,Fairholm,lfairholm72@prnewswire.com,Female
256,Bing,Reihill,breihill73@cbslocal.com,Male
257,Alaster,Ferebee,aferebee74@jalbum.net,Male
258,Diandra,Jude,djude75@tmall.com,Female
259,Johannes,Blumer,jblumer76@indiatimes.com,Male
260,Husein,Fermor,hfermor77@prlog.org,Female
261,Hilliary,Folling,hfolling78@over-blog.com,Female
262,Axe,Monini,amonini79@naver.com,Male
263,Meggi,Lovejoy,mlovejoy7a@newsvine.com,Female
264,Maurie,Bamblett,mbamblett7b@cnn.com,Male
265,Nicko,Paxforde,npaxforde7c@shinystat.com,Female
266,Phillipp,Dreng,pdreng7d@domainmarket.com,Female
267,Robbi,Behrens,rbehrens7e@bandcamp.com,Female
268,Gill,Lefever,glefever7f@rambler.ru,Male
269,Hermine,De Paepe,hdepaepe7g@timesonline.co.uk,Female
270,Flinn,Giacovazzo,fgiacovazzo7h@facebook.com,Male
271,Joeann,Kerans,jkerans7i@histats.com,Male
272,Bunni,Beglin,bbeglin7j@cbc.ca,Female
273,Gare,Leggate,gleggate7k@google.es,Male
274,Abbie,Ebbotts,aebbotts7l@goo.ne.jp,Female
275,Consolata,Ziemen,cziemen7m@google.com,Male
276,Cecily,McGerr,cmcgerr7n@cdc.gov,Female
277,Neala,Gyppes,ngyppes7o@comsenz.com,Male
278,Gloria,MacGragh,gmacgragh7p@buzzfeed.com,Female
279,Cass,Stennings,cstennings7q@etsy.com,Female
280,Charlotta,MacDaid,cmacdaid7r@ebay.com,Female
281,Zachery,Moorhouse,zmoorhouse7s@deviantart.com,Male
282,Nevin,Ocheltree,nocheltree7t@accuweather.com,Female
283,Dosi,Kidde,dkidde7u@ted.com,Female
284,Vernice,Mordecai,vmordecai7v@flavors.me,Female
285,Alic,Lovstrom,alovstrom7w@blogs.com,Female
286,Shelly,Sinkins,ssinkins7x@uiuc.edu,Female
287,Adolph,Quinane,aquinane7y@cafepress.com,Male
288,Jorge,Kittow,jkittow7z@ucoz.com,Female
289,Aida,Honeywood,ahoneywood80@deliciousdays.com,Female
290,Reine,Finn,rfinn81@1und1.de,Male
291,Olenolin,Le Marquand,olemarquand82@omniture.com,Female
292,Ara,Treker,atreker83@slashdot.org,Male
293,Ryun,Gardener,rgardener84@etsy.com,Female
294,Englebert,Messent,emessent85@histats.com,Male
295,Grier,McCourt,gmccourt86@smh.com.au,Female
296,Rad,Reuter,rreuter87@edublogs.org,Male
297,Archambault,Brill,abrill88@shop-pro.jp,Male
298,Ram,Janaway,rjanaway89@salon.com,Bigender
299,Christiane,Gabbitus,cgabbitus8a@vimeo.com,Male
300,Codi,Nand,cnand8b@alexa.com,Male
301,Chickie,Manoelli,cmanoelli8c@independent.co.uk,Male
302,Emmy,Porch,eporch8d@networksolutions.com,Polygender
303,Niels,Mathieu,nmathieu8e@miibeian.gov.cn,Male
304,Yoshiko,Gorvin,ygorvin8f@bloomberg.com,Female
305,Den,Alflatt,dalflatt8g@pagesperso-orange.fr,Male
306,Francklin,Lyst,flyst8h@buzzfeed.com,Polygender
307,Aluin,Regardsoe,aregardsoe8i@jalbum.net,Female
308,Chastity,Harriman,charriman8j@4shared.com,Male
309,Anetta,Gingell,agingell8k@gravatar.com,Male
310,Gill,Guyan,gguyan8l@nyu.edu,Male
311,Ashlen,Tynewell,atynewell8m@quantcast.com,Female
312,Barb,Ennew,bennew8n@drupal.org,Male
313,Trude,Everal,teveral8o@ucsd.edu,Male
314,Jacinda,MacPike,jmacpike8p@canalblog.com,Male
315,Kristina,Makinson,kmakinson8q@amazonaws.com,Female
316,Carrol,Eymer,ceymer8r@army.mil,Male
317,Diana,McCloid,dmccloid8s@sphinn.com,Polygender
318,Cynthea,Cristoforo,ccristoforo8t@amazonaws.com,Male
319,Cathrine,Blaschke,cblaschke8u@soundcloud.com,Polygender
320,Mac,Probey,mprobey8v@usa.gov,Female
321,Whitman,Jephson,wjephson8w@google.de,Male
322,Kaile,Dahlman,kdahlman8x@is.gd,Female
323,Ethe,Petican,epetican8y@xing.com,Male
324,Martino,Instrell,minstrell8z@sphinn.com,Female
325,Tiertza,Billows,tbillows90@marketwatch.com,Female
326,Alfreda,Messer,amesser91@prnewswire.com,Male
327,Johnathan,Welling,jwelling92@wisc.edu,Male
328,Anastasia,Le Jean,alejean93@hatena.ne.jp,Male
329,Vlad,Bernath,vbernath94@cargocollective.com,Male
330,Lyn,Markey,lmarkey95@lycos.com,Male
331,Kain,Ramos,kramos96@psu.edu,Agender
332,Cybil,Kermit,ckermit97@kickstarter.com,Male
333,Callie,Kern,ckern98@washington.edu,Female
334,Clive,Swanston,cswanston99@timesonline.co.uk,Male
335,Kris,Neiland,kneiland9a@dagondesign.com,Male
336,Bernadette,Titford,btitford9b@weather.com,Male
337,Eddy,Vereker,evereker9c@mayoclinic.com,Male
338,Luca,Harnetty,lharnetty9d@mapy.cz,Female
339,Olag,McUre,omcure9e@hugedomains.com,Female
340,Ashlen,Byng,abyng9f@mac.com,Male
341,Linet,Stitch,lstitch9g@adobe.com,Agender
342,Valida,Hintzer,vhintzer9h@typepad.com,Female
343,Gerty,Redgrave,gredgrave9i@squidoo.com,Male
344,Robyn,Bradick,rbradick9j@toplist.cz,Female
345,Pam,Schlagman,pschlagman9k@slate.com,Male
346,Gene,MacVaugh,gmacvaugh9l@imageshack.us,Male
347,Domenic,Patriche,dpatriche9m@shop-pro.jp,Male
348,Nannette,Stolting,nstolting9n@yahoo.com,Female
349,Alicea,Recke,arecke9o@java.com,Male
350,Meara,Heald,mheald9p@disqus.com,Male
351,Deane,Copins,dcopins9q@home.pl,Female
352,Curry,Raund,craund9r@list-manage.com,Male
353,Kylie,Muzzi,kmuzzi9s@google.cn,Male
354,Ambrosius,Gallie,agallie9t@twitpic.com,Male
355,Knox,Lillgard,klillgard9u@unicef.org,Female
356,Calypso,Ashard,cashard9v@bloglines.com,Non-binary
357,Arel,Antonignetti,aantonignetti9w@independent.co.uk,Female
358,Ingeborg,Goude,igoude9x@oracle.com,Male
359,Natividad,Jedryka,njedryka9y@sfgate.com,Female
360,Herrick,Vye,hvye9z@vinaora.com,Female
361,Martainn,Riccardelli,mriccardellia0@imgur.com,Male
362,Saba,Tonkin,stonkina1@java.com,Female
363,Hobard,Tong,htonga2@disqus.com,Male
364,Margret,Gelly,mgellya3@wired.com,Bigender
365,Dniren,Dymidowski,ddymidowskia4@dagondesign.com,Male
366,Eliot,Mabbe,emabbea5@auda.org.au,Female
367,Aurie,Wooldridge,awooldridgea6@vimeo.com,Female
368,Lorene,Whimper,lwhimpera7@dyndns.org,Male
369,Rainer,Godehard.sf,rgodehardsfa8@house.gov,Male
370,Nina,Ghelardi,nghelardia9@163.com,Bigender
371,Alyosha,Tatford,atatfordaa@skyrock.com,Female
372,Othella,Morfey,omorfeyab@bigcartel.com,Female
373,Rosemary,Brewitt,rbrewittac@weather.com,Male
374,Brad,Konke,bkonkead@dion.ne.jp,Male
375,Whit,Walcar,wwalcarae@dailymotion.com,Genderfluid
376,Lauri,Crosthwaite,lcrosthwaiteaf@ucoz.ru,Male
377,Kathrine,Hazelgrove,khazelgroveag@diigo.com,Male
378,Marshall,Joincey,mjoinceyah@sbwire.com,Male
379,Leone,Pipworth,lpipworthai@hc360.com,Female
380,Layton,Ferney,lferneyaj@myspace.com,Male
381,Lorelle,Josiah,ljosiahak@jimdo.com,Genderfluid
382,Marjy,Kindleysides,mkindleysidesal@upenn.edu,Male
383,Elmira,Riccetti,ericcettiam@stumbleupon.com,Female
384,Hector,Sowley,hsowleyan@e-recht24.de,Female
385,Elvin,Sunshine,esunshineao@miibeian.gov.cn,Genderfluid
386,Imogen,Offord,ioffordap@aol.com,Female
387,Olly,Ewenson,oewensonaq@newyorker.com,Male
388,Winslow,Legendre,wlegendrear@oakley.com,Male
389,Verla,Twigge,vtwiggeas@weibo.com,Female
390,Nichole,Duigenan,nduigenanat@mozilla.org,Male
391,Ertha,Iggulden,eigguldenau@bizjournals.com,Male
392,Corrina,Trustey,ctrusteyav@state.gov,Male
393,Rozamond,Koschek,rkoschekaw@imdb.com,Male
394,Oralla,Pepye,opepyeax@merriam-webster.com,Male
395,Ginevra,Tisor,gtisoray@princeton.edu,Female
396,Crin,Longbottom,clongbottomaz@mapy.cz,Male
397,Andre,Earsman,aearsmanb0@mail.ru,Male
398,Anett,Cardero,acarderob1@nytimes.com,Male
399,Eve,Curnick,ecurnickb2@shutterfly.com,Female
400,Evonne,Ainsby,eainsbyb3@pbs.org,Male
401,Chev,Burston,cburstonb4@ocn.ne.jp,Female
402,Nehemiah,McGeown,nmcgeownb5@jiathis.com,Male
403,Kylynn,Thumann,kthumannb6@sun.com,Male
404,Windham,McMearty,wmcmeartyb7@walmart.com,Male
405,Oralee,Ouldcott,oouldcottb8@cisco.com,Female
406,Ronda,McFfaden,rmcffadenb9@51.la,Agender
407,Buckie,Angeau,bangeauba@imgur.com,Female
408,Patric,Camidge,pcamidgebb@sun.com,Male
409,Tawnya,Presdee,tpresdeebc@webnode.com,Female
410,Elvira,Pozzo,epozzobd@google.it,Female
411,Breanne,Allmen,ballmenbe@reverbnation.com,Female
412,Tore,Parkins,tparkinsbf@qq.com,Agender
413,Daphna,Castagno,dcastagnobg@csmonitor.com,Male
414,Quinn,Grimsditch,qgrimsditchbh@mapy.cz,Female
415,Brittni,Bonnet,bbonnetbi@flavors.me,Male
416,Lanita,Oxborough,loxboroughbj@wix.com,Female
417,Curcio,Antonikov,cantonikovbk@webs.com,Female
418,Nita,Godsafe,ngodsafebl@indiatimes.com,Female
419,Corbett,Rozea,crozeabm@ucoz.com,Non-binary
420,Kristofor,Grimsdike,kgrimsdikebn@is.gd,Female
421,Sayer,Di Batista,sdibatistabo@behance.net,Female
422,Elie,Battyll,ebattyllbp@sphinn.com,Male
423,Alverta,Marchington,amarchingtonbq@cdbaby.com,Male
424,Eudora,Insole,einsolebr@nih.gov,Female
425,Doris,Caccavale,dcaccavalebs@ibm.com,Male
426,Torre,Bennion,tbennionbt@cnbc.com,Female
427,Minny,Enrique,menriquebu@irs.gov,Male
428,Bliss,Regus,bregusbv@github.com,Female
429,Case,Olenin,coleninbw@ucoz.com,Male
430,Dall,Leggett,dleggettbx@amazon.com,Male
431,Myrlene,Garcia,mgarciaby@ucoz.ru,Male
432,Larina,Fronks,lfronksbz@dell.com,Female
433,Teodoro,Alibone,talibonec0@whitehouse.gov,Male
434,Johannah,Cockarill,jcockarillc1@jiathis.com,Female
435,Sylas,Streatfeild,sstreatfeildc2@cnet.com,Female
436,Saxon,Bocken,sbockenc3@goodreads.com,Female
437,Lezlie,MacGeffen,lmacgeffenc4@wikipedia.org,Female
438,Ferrel,Saddleton,fsaddletonc5@opera.com,Female
439,Yvon,Glasby,yglasbyc6@fc2.com,Bigender
440,Jerrie,Bewsy,jbewsyc7@surveymonkey.com,Female
441,Bridgette,Eversley,beversleyc8@wired.com,Male
442,Kacie,Rosewarne,krosewarnec9@businesswire.com,Male
443,Jennette,Whelpdale,jwhelpdaleca@com.com,Male
444,Cyril,Murch,cmurchcb@cafepress.com,Male
445,Rufe,Bambury,rbamburycc@alibaba.com,Female
446,Sherill,Flicker,sflickercd@tripod.com,Male
447,Dorine,Tash,dtashce@google.de,Male
448,Bev,Simoes,bsimoescf@ocn.ne.jp,Female
449,Berna,Lethem,blethemcg@paginegialle.it,Male
450,Happy,Eddy,heddych@furl.net,Female
451,Axe,Maydway,amaydwayci@cnbc.com,Male
452,Benita,Kitchinham,bkitchinhamcj@prweb.com,Male
453,Harry,Gamwell,hgamwellck@ucsd.edu,Male
454,Luther,Geydon,lgeydoncl@gravatar.com,Female
455,Celisse,Greenman,cgreenmancm@sciencedaily.com,Male
456,Worthy,Chittie,wchittiecn@wsj.com,Polygender
457,Catlin,De Rye Barrett,cderyebarrettco@google.es,Male
458,Carroll,Ragot,cragotcp@auda.org.au,Female
459,Bailie,McComiskey,bmccomiskeycq@nyu.edu,Male
460,Datha,Fillon,dfilloncr@free.fr,Female
461,Tommie,Van Bruggen,tvanbruggencs@unesco.org,Agender
462,Jeddy,Hinchshaw,jhinchshawct@feedburner.com,Bigender
463,Darwin,Prudham,dprudhamcu@typepad.com,Male
464,Fredra,Gomer,fgomercv@toplist.cz,Male
465,Sandye,Giacobelli,sgiacobellicw@gravatar.com,Female
466,Alexandr,Blomfield,ablomfieldcx@economist.com,Female
467,Waiter,Gerran,wgerrancy@a8.net,Female
468,Alexandre,Howgill,ahowgillcz@jigsy.com,Female
469,Kellina,Rayhill,krayhilld0@vistaprint.com,Male
470,Paolina,Schrei,pschreid1@wisc.edu,Male
471,Rourke,Diggin,rdiggind2@i2i.jp,Male
472,Gabriellia,Fawke,gfawked3@si.edu,Male
473,Gladys,Chell,gchelld4@homestead.com,Male
474,Emelina,Screen,escreend5@oaic.gov.au,Female
475,Stinky,Risely,sriselyd6@sciencedirect.com,Non-binary
476,Maribel,Illiston,millistond7@reuters.com,Male
477,Gerik,Dalling,gdallingd8@jimdo.com,Agender
478,Melisent,Bettaney,mbettaneyd9@europa.eu,Male
479,Finn,Peddar,fpeddarda@nasa.gov,Male
480,Lonnard,Campelli,lcampellidb@xinhuanet.com,Male
481,Ileane,Sheal,ishealdc@bing.com,Female
482,Valera,Smorthwaite,vsmorthwaitedd@indiatimes.com,Male
483,Kimberlyn,Shakspeare,kshakspearede@instagram.com,Male
484,Althea,Bishop,abishopdf@cnet.com,Male
485,Portia,Kull,pkulldg@rakuten.co.jp,Male
486,Andres,Tredwell,atredwelldh@edublogs.org,Male
487,Zsazsa,Fishe,zfishedi@nih.gov,Female
488,Wrennie,Boothby,wboothbydj@sfgate.com,Male
489,Gertrud,Kira,gkiradk@engadget.com,Female
490,Tull,Gaukrodge,tgaukrodgedl@sourceforge.net,Bigender
491,Deirdre,Fewster,dfewsterdm@newsvine.com,Male
492,Laural,Nemchinov,lnemchinovdn@jimdo.com,Female
493,Nicolas,Surgood,nsurgooddo@delicious.com,Male
494,Krista,Vicar,kvicardp@about.me,Female
495,Pen,Blees,pbleesdq@wordpress.org,Female
496,Jeanelle,Yeell,jyeelldr@ftc.gov,Bigender
497,Philly,Edden,peddends@noaa.gov,Female
498,Kaja,Malser,kmalserdt@aboutads.info,Male
499,Godfree,Chugg,gchuggdu@privacy.gov.au,Female
500,Carilyn,Scholtz,cscholtzdv@columbia.edu,Female
501,Vania,Bramsen,vbramsendw@phoca.cz,Male
502,Leodora,Tarling,ltarlingdx@github.com,Male
503,Phillis,Drewry,pdrewrydy@addtoany.com,Female
504,Paolina,Greensides,pgreensidesdz@blogspot.com,Female
505,Rikki,Villar,rvillare0@zimbio.com,Female
506,Tatum,Drust,tdruste1@chicagotribune.com,Male
507,Ambros,Henkens,ahenkense2@ft.com,Genderfluid
508,Ronnica,Madge,rmadgee3@privacy.gov.au,Male
509,Arte,Trevino,atrevinoe4@usgs.gov,Male
510,Glen,Yearron,gyearrone5@state.tx.us,Male
511,Eyde,Baynom,ebaynome6@yellowbook.com,Male
512,Margo,Rennels,mrennelse7@imageshack.us,Male
513,Elnar,Oaten,eoatene8@dell.com,Female
514,Kai,Brolan,kbrolane9@nydailynews.com,Male
515,Tabitha,Kinnock,tkinnockea@surveymonkey.com,Female
516,Zaccaria,Jecks,zjeckseb@dion.ne.jp,Male
517,Robinette,Shapter,rshapterec@simplemachines.org,Male
518,Karlik,Manjot,kmanjoted@goo.gl,Male
519,Wendye,Mulcahy,wmulcahyee@github.io,Genderqueer
520,Evvy,Swiffan,eswiffanef@fda.gov,Female
521,Gallagher,Matuszinski,gmatuszinskieg@yahoo.co.jp,Female
522,Dag,Raccio,draccioeh@webs.com,Female
523,Aguie,Drewes,adrewesei@google.ca,Male
524,Julina,Deans,jdeansej@amazon.co.uk,Female
525,Kienan,Lope,klopeek@pen.io,Male
526,Codie,Point,cpointel@omniture.com,Male
527,Selig,McConaghy,smcconaghyem@nyu.edu,Male
528,Rollin,Print,rprinten@timesonline.co.uk,Female
529,Lanie,Brosnan,lbrosnaneo@networksolutions.com,Male
530,Lauree,Cowthart,lcowthartep@cbsnews.com,Male
531,Rollo,Alwin,ralwineq@goodreads.com,Male
532,Michele,McEttigen,mmcettigener@gmpg.org,Male
533,Kean,Bessey,kbesseyes@kickstarter.com,Female
534,Florence,Gillespie,fgillespieet@mit.edu,Male
535,Nessi,Ogilvy,nogilvyeu@princeton.edu,Male
536,Wini,MacKibbon,wmackibbonev@wikipedia.org,Female
537,Doyle,Rudall,drudallew@mlb.com,Male
538,Ramon,Olding,roldingex@google.co.jp,Female
539,Bonni,Gilkison,bgilkisoney@xrea.com,Female
540,Micah,Courtenay,mcourtenayez@github.io,Male
541,Carena,Joubert,cjoubertf0@adobe.com,Male
542,Viki,Daft,vdaftf1@cam.ac.uk,Male
543,Oneida,Weymont,oweymontf2@4shared.com,Female
544,Reeva,Cuesta,rcuestaf3@stanford.edu,Male
545,Dacey,Dunkerton,ddunkertonf4@noaa.gov,Female
546,Amberly,Wass,awassf5@wunderground.com,Male
547,Vaughan,O'Caherny,vocahernyf6@yahoo.co.jp,Male
548,Virginie,Dower,vdowerf7@gravatar.com,Male
549,Jackqueline,Yurov,jyurovf8@360.cn,Male
550,Marjy,Paulus,mpaulusf9@state.tx.us,Female
551,Wynn,Limbrick,wlimbrickfa@1und1.de,Bigender
552,Zacharia,Weald,zwealdfb@upenn.edu,Male
553,Brannon,Emney,bemneyfc@1688.com,Male
554,Yardley,Redholes,yredholesfd@wufoo.com,Male
555,Thor,Fagan,tfaganfe@twitpic.com,Male
556,Maxim,Audus,maudusff@huffingtonpost.com,Female
557,Edith,Pickton,epicktonfg@upenn.edu,Bigender
558,Gerri,Stanyforth,gstanyforthfh@acquirethisname.com,Bigender
559,Reginald,Daldry,rdaldryfi@dyndns.org,Male
560,Tymothy,Astell,tastellfj@mail.ru,Male
561,Jerrome,Selbie,jselbiefk@springer.com,Agender
562,Caterina,Quidenham,cquidenhamfl@123-reg.co.uk,Male
563,Jeni,Jelphs,jjelphsfm@booking.com,Male
564,Jenny,Agott,jagottfn@mozilla.org,Female
565,Casar,Christofor,cchristoforfo@cornell.edu,Female
566,Stephani,Drewery,sdreweryfp@usda.gov,Non-binary
567,Wendi,Ziems,wziemsfq@xinhuanet.com,Female
568,Merci,Caney,mcaneyfr@merriam-webster.com,Male
569,Kirstin,Elletson,kelletsonfs@spiegel.de,Female
570,Wildon,Ghelardoni,wghelardonift@usnews.com,Female
571,Virginie,Gregolotti,vgregolottifu@etsy.com,Female
572,Sean,Graal,sgraalfv@dagondesign.com,Female
573,Amelita,Keogh,akeoghfw@shop-pro.jp,Female
574,Alice,Gallone,agallonefx@house.gov,Male
575,Jerrold,Maryman,jmarymanfy@nps.gov,Male
576,Rustie,Meagh,rmeaghfz@sakura.ne.jp,Female
577,Ardeen,Mateja,amatejag0@mediafire.com,Male
578,Ashely,Davidowsky,adavidowskyg1@geocities.com,Female
579,Alley,Tebb,atebbg2@unc.edu,Male
580,Annmarie,Dyke,adykeg3@dmoz.org,Male
581,Adrienne,Gisby,agisbyg4@moonfruit.com,Male
582,Allys,O'Lunney,aolunneyg5@mozilla.org,Female
583,Brand,Phettiplace,bphettiplaceg6@elpais.com,Male
584,Portie,Skyner,pskynerg7@linkedin.com,Male
585,Aviva,Packwood,apackwoodg8@hud.gov,Male
586,Jaye,Basil,jbasilg9@yolasite.com,Female
587,Cori,Leverton,clevertonga@patch.com,Polygender
588,Albert,Grimmer,agrimmergb@merriam-webster.com,Male
589,Bronny,McAulay,bmcaulaygc@digg.com,Bigender
590,Rafe,Fossey,rfosseygd@cnbc.com,Female
591,Isidore,Edelheit,iedelheitge@ezinearticles.com,Male
592,Meris,Easun,measungf@typepad.com,Male
593,Cord,Dougary,cdougarygg@craigslist.org,Female
594,Aubrey,Kennedy,akennedygh@weather.com,Male
595,Stephan,Moxstead,smoxsteadgi@cbsnews.com,Male
596,Vinnie,Harvey,vharveygj@state.gov,Non-binary
597,Stefano,Weddeburn - Scrimgeour,sweddeburnscrimgeourgk@a8.net,Male
598,Cherie,Mabbutt,cmabbuttgl@nationalgeographic.com,Female
599,Mellicent,Godin,mgodingm@phoca.cz,Male
600,Pierre,Mardy,pmardygn@amazon.co.uk,Female
601,Roarke,Imlacke,rimlackego@typepad.com,Female
602,Federica,Lidgard,flidgardgp@google.nl,Female
603,Garrik,Belfitt,gbelfittgq@slideshare.net,Male
604,Dodie,Fritz,dfritzgr@flavors.me,Female
605,Dorelle,Chappelow,dchappelowgs@g.co,Female
606,Stavro,Kelledy,skelledygt@jimdo.com,Female
607,Reinold,Deverille,rdeverillegu@miibeian.gov.cn,Male
608,Tadd,Smart,tsmartgv@ask.com,Male
609,Brandy,Oakenford,boakenfordgw@intel.com,Male
610,Bennie,Izard,bizardgx@tripadvisor.com,Male
611,Even,Bagnal,ebagnalgy@skyrock.com,Male
612,Olag,Gallop,ogallopgz@liveinternet.ru,Female
613,Ferrel,Ricarde,fricardeh0@tumblr.com,Male
614,Obie,Kristufek,okristufekh1@bloglines.com,Agender
615,Cordy,Lording,clordingh2@tumblr.com,Female
616,Arlyn,Scandroot,ascandrooth3@ebay.com,Male
617,Annie,Swapp,aswapph4@nba.com,Male
618,Salomi,Clayfield,sclayfieldh5@google.co.jp,Male
619,Cooper,Mariel,cmarielh6@cdc.gov,Male
620,Frederico,Duny,fdunyh7@blinklist.com,Male
621,Mela,Novacek,mnovacekh8@state.gov,Female
622,Gaylord,Domingues,gdominguesh9@slate.com,Female
623,Tommy,Akehurst,takehurstha@desdev.cn,Male
624,Shellysheldon,Shepeard,sshepeardhb@nyu.edu,Bigender
625,Lyndell,Trappe,ltrappehc@unblog.fr,Female
626,Kirbie,Checcucci,kcheccuccihd@drupal.org,Female
627,Kessia,Huffa,khuffahe@uiuc.edu,Male
628,Pauly,Rodenborch,prodenborchhf@merriam-webster.com,Genderfluid
629,Stefania,Thomazin,sthomazinhg@intel.com,Male
630,Neils,Gallihaulk,ngallihaulkhh@nba.com,Female
631,Maureene,Hanney,mhanneyhi@kickstarter.com,Female
632,Ody,Matczak,omatczakhj@harvard.edu,Male
633,Chicky,Gradley,cgradleyhk@mtv.com,Male
634,Esther,Gilbody,egilbodyhl@arstechnica.com,Male
635,Ian,Sabin,isabinhm@gravatar.com,Female
636,Jean,Cuttings,jcuttingshn@godaddy.com,Male
637,Brina,Tiernan,btiernanho@nyu.edu,Genderqueer
638,Sylvester,Lafrentz,slafrentzhp@bluehost.com,Female
639,Menard,Orteu,morteuhq@nps.gov,Female
640,Flem,Powland,fpowlandhr@mediafire.com,Female
641,Eadith,Gauchier,egauchierhs@cpanel.net,Non-binary
642,Josefina,Cudby,jcudbyht@gov.uk,Female
643,Crosby,Nelthorp,cnelthorphu@illinois.edu,Female
644,Henri,Gallyhaock,hgallyhaockhv@mit.edu,Male
645,Gardie,Redding,greddinghw@ezinearticles.com,Male
646,Tedd,Job,tjobhx@google.nl,Female
647,Dianne,Kornacki,dkornackihy@woothemes.com,Male
648,Edna,Glastonbury,eglastonburyhz@globo.com,Female
649,Gideon,Oxer,goxeri0@icio.us,Male
650,Quinn,Sparrow,qsparrowi1@weebly.com,Male
651,Cora,Spedroni,cspedronii2@patch.com,Male
652,Kial,Parramore,kparramorei3@google.com,Male
653,Irvine,Kenwrick,ikenwricki4@hao123.com,Male
654,Dur,McCoole,dmccoolei5@archive.org,Male
655,Manda,Shelly,mshellyi6@indiegogo.com,Male
656,Rozina,Loomes,rloomesi7@unc.edu,Male
657,Hilde,Brahms,hbrahmsi8@mysql.com,Male
658,Felix,Reece,freecei9@hugedomains.com,Male
659,Karl,Gutman,kgutmania@twitter.com,Male
660,Fritz,Peealess,fpeealessib@vimeo.com,Female
661,Mala,Weson,mwesonic@google.com.hk,Male
662,Cahra,Nickoll,cnickollid@ameblo.jp,Female
663,Latrena,Fassman,lfassmanie@bandcamp.com,Female
664,Audra,Bunten,abuntenif@arstechnica.com,Female
665,Griselda,Menichino,gmenichinoig@abc.net.au,Male
666,Bella,Cameron,bcameronih@163.com,Male
667,Jeniece,Whiteway,jwhitewayii@uol.com.br,Female
668,Emmett,MacKeogh,emackeoghij@instagram.com,Female
669,Lauraine,Gerardot,lgerardotik@issuu.com,Male
670,Henry,Luter,hluteril@jugem.jp,Female
671,Kalie,Stote,kstoteim@wired.com,Male
672,Sonia,Arran,sarranin@reverbnation.com,Female
673,Adriane,Huetson,ahuetsonio@patch.com,Bigender
674,Sauncho,Carbert,scarbertip@elpais.com,Female
675,Manny,Althrope,malthropeiq@msu.edu,Female
676,Katine,McCooke,kmccookeir@joomla.org,Female
677,Marti,Eaglesham,meagleshamis@mashable.com,Male
678,Dougy,Orrey,dorreyit@auda.org.au,Male
679,Stephanus,Allport,sallportiu@vk.com,Male
680,Cheston,Rought,croughtiv@mapquest.com,Agender
681,Glen,Scoffham,gscoffhamiw@desdev.cn,Female
682,Somerset,Blackwell,sblackwellix@booking.com,Female
683,Clovis,Galbreath,cgalbreathiy@cnn.com,Female
684,Winifield,Lujan,wlujaniz@blog.com,Male
685,Amerigo,Aire,aairej0@sogou.com,Male
686,Caitrin,Haye,chayej1@wix.com,Female
687,Bartlett,Nussey,bnusseyj2@fda.gov,Male
688,Flossi,Finnie,ffinniej3@nbcnews.com,Male
689,Camella,Chasemore,cchasemorej4@ocn.ne.jp,Male
690,Bella,Quemby,bquembyj5@spotify.com,Female
691,Burgess,Stit,bstitj6@tuttocitta.it,Male
692,Yvette,Melbury,ymelburyj7@myspace.com,Male
693,Shawnee,Coldicott,scoldicottj8@alibaba.com,Female
694,Willie,Zmitruk,wzmitrukj9@scientificamerican.com,Female
695,Hyman,Sacher,hsacherja@xrea.com,Female
696,Tersina,Devericks,tdevericksjb@meetup.com,Non-binary
697,Odell,Oddie,ooddiejc@reverbnation.com,Male
698,Mellicent,McLanaghan,mmclanaghanjd@people.com.cn,Female
699,Griz,Ingleson,ginglesonje@newyorker.com,Male
700,Cherlyn,Murty,cmurtyjf@lycos.com,Male
701,Pat,Coplestone,pcoplestonejg@icio.us,Female
702,Earl,Truluck,etruluckjh@pcworld.com,Female
703,Vivi,Renzullo,vrenzulloji@vk.com,Female
704,Neysa,Signorelli,nsignorellijj@geocities.com,Male
705,Aryn,Kitney,akitneyjk@google.cn,Female
706,Fiann,Christophle,fchristophlejl@artisteer.com,Female
707,Agosto,Warricker,awarrickerjm@geocities.com,Male
708,Clarice,Maggiore,cmaggiorejn@jugem.jp,Male
709,Rolph,Duding,rdudingjo@wisc.edu,Male
710,Derrik,Tumber,dtumberjp@phpbb.com,Polygender
711,Carin,Wedlake,cwedlakejq@epa.gov,Male
712,Rahal,Valek,rvalekjr@t.co,Male
713,Gerry,Leaney,gleaneyjs@icq.com,Female
714,Rickert,Shearman,rshearmanjt@smh.com.au,Male
715,Roarke,Lipsett,rlipsettju@cnet.com,Male
716,Christiano,Corser,ccorserjv@cbsnews.com,Polygender
717,Eve,Zahor,ezahorjw@squarespace.com,Male
718,Cherrita,Corten,ccortenjx@woothemes.com,Female
719,Reidar,Hallet,rhalletjy@arstechnica.com,Male
720,Daniela,Jannaway,djannawayjz@lycos.com,Male
721,Grenville,Ebbles,gebblesk0@instagram.com,Female
722,Patricia,Clay,pclayk1@shutterfly.com,Male
723,Pippy,Dingivan,pdingivank2@sakura.ne.jp,Male
724,Gabriele,Stanyon,gstanyonk3@comsenz.com,Female
725,Gino,Passion,gpassionk4@oracle.com,Male
726,Marylin,Giacobelli,mgiacobellik5@oakley.com,Male
727,Augustin,Karle,akarlek6@prnewswire.com,Female
728,Neel,Revitt,nrevittk7@google.com.br,Male
729,Fulton,Cardinal,fcardinalk8@xing.com,Female
730,Daniel,Woolliams,dwoolliamsk9@barnesandnoble.com,Male
731,Sydel,Smylie,ssmylieka@telegraph.co.uk,Female
732,Allys,Rosgen,arosgenkb@patch.com,Male
733,Lonni,Corss,lcorsskc@devhub.com,Female
734,Darcy,Billborough,dbillboroughkd@google.nl,Male
735,Gannon,Mitkov,gmitkovke@mtv.com,Female
736,Peggi,Dumbleton,pdumbletonkf@google.com,Male
737,Clywd,Keeton,ckeetonkg@amazon.co.jp,Female
738,Crichton,Callington,ccallingtonkh@tinypic.com,Non-binary
739,Emlyn,Bavage,ebavageki@bravesites.com,Male
740,Marnie,Gaw,mgawkj@europa.eu,Female
741,Waite,Vogeler,wvogelerkk@nature.com,Female
742,Hale,Hewlings,hhewlingskl@dion.ne.jp,Male
743,Vinny,Lapthorne,vlapthornekm@army.mil,Female
744,Trixie,Clarycott,tclarycottkn@admin.ch,Male
745,Nikki,Carless,ncarlessko@stumbleupon.com,Female
746,Sawyere,Doole,sdoolekp@constantcontact.com,Male
747,Eryn,Deplacido,edeplacidokq@eepurl.com,Female
748,Francklyn,Buncombe,fbuncombekr@netlog.com,Female
749,Charlene,O'Farris,cofarrisks@salon.com,Male
750,Cale,Smart,csmartkt@youtube.com,Male
751,Silvanus,Crumpton,scrumptonku@merriam-webster.com,Female
752,Richmond,Leftridge,rleftridgekv@mediafire.com,Female
753,Cristine,Aggus,cagguskw@blinklist.com,Genderfluid
754,Giralda,Vallery,gvallerykx@indiatimes.com,Female
755,Cirilo,Aicheson,caichesonky@spiegel.de,Male
756,Rikki,Hazle,rhazlekz@yahoo.co.jp,Non-binary
757,Rutger,Elsay,relsayl0@behance.net,Male
758,Meyer,Luckham,mluckhaml1@quantcast.com,Male
759,Cecil,Dewerson,cdewersonl2@google.com,Female
760,Galvin,Barkworth,gbarkworthl3@scribd.com,Male
761,Jeniffer,Camoletto,jcamolettol4@tiny.cc,Female
762,Gage,Havers,ghaversl5@pen.io,Female
763,Thomasine,Giovannazzi,tgiovannazzil6@cbsnews.com,Female
764,Gustavo,Hinkes,ghinkesl7@freewebs.com,Genderfluid
765,Becki,Di Iorio,bdiioriol8@shinystat.com,Male
766,Neysa,Choulerton,nchoulertonl9@amazon.de,Male
767,Billie,Bettles,bbettlesla@w3.org,Female
768,Lars,Camamile,lcamamilelb@sina.com.cn,Male
769,Marshal,Chicchelli,mchicchellilc@cbslocal.com,Male
770,Idaline,Bernardin,ibernardinld@woothemes.com,Polygender
771,Marybeth,Venney,mvenneyle@tmall.com,Male
772,Collen,Faichnie,cfaichnielf@csmonitor.com,Female
773,Retha,Straw,rstrawlg@sina.com.cn,Female
774,Dodi,Harbisher,dharbisherlh@senate.gov,Genderqueer
775,Collen,Harler,charlerli@yale.edu,Agender
776,Alix,Wavish,awavishlj@yellowpages.com,Agender
777,Meaghan,Bullard,mbullardlk@miitbeian.gov.cn,Bigender
778,Ulrica,Cawthry,ucawthryll@irs.gov,Male
779,Bebe,Pattle,bpattlelm@ibm.com,Agender
780,Boote,McParland,bmcparlandln@opensource.org,Female
781,Stacee,Mansfield,smansfieldlo@elegantthemes.com,Female
782,Ari,Spilsburie,aspilsburielp@adobe.com,Male
783,Terrence,Coste,tcostelq@thetimes.co.uk,Male
784,Ardys,Guillond,aguillondlr@sogou.com,Male
785,Shelagh,Tregenza,stregenzals@stumbleupon.com,Female
786,Kanya,Ridings,kridingslt@jigsy.com,Female
787,Ashton,Hellin,ahellinlu@webnode.com,Female
788,Salim,Winkle,swinklelv@umn.edu,Male
789,Mario,Howieson,mhowiesonlw@google.com.hk,Agender
790,Gabriela,Ellissen,gellissenlx@soup.io,Female
791,Kerri,Bonhill,kbonhillly@yelp.com,Male
792,Manda,Clapperton,mclappertonlz@biglobe.ne.jp,Female
793,Cherrita,Welfair,cwelfairm0@weebly.com,Male
794,Flint,Klaassens,fklaassensm1@blogs.com,Female
795,Beatrisa,Reffe,breffem2@shop-pro.jp,Male
796,Nichols,Graber,ngraberm3@google.com.hk,Female
797,Borg,Lavalde,blavaldem4@fema.gov,Male
798,Nicolea,Rhule,nrhulem5@businessweek.com,Bigender
799,Jocko,Tilling,jtillingm6@odnoklassniki.ru,Male
800,Derrick,Blakely,dblakelym7@seesaa.net,Female
801,Cchaddie,Trubshawe,ctrubshawem8@flavors.me,Male
802,Nikita,Fursey,nfurseym9@edublogs.org,Female
803,Milena,Dobbin,mdobbinma@de.vu,Female
804,Esteban,Bartelli,ebartellimb@prweb.com,Male
805,Druci,Tatchell,dtatchellmc@slate.com,Male
806,Dwight,Jantot,djantotmd@meetup.com,Male
807,Olivier,Friberg,ofribergme@ucsd.edu,Male
808,Andrej,Gent,agentmf@nifty.com,Male
809,Anatola,Mabey,amabeymg@delicious.com,Female
810,Rosita,Immins,rimminsmh@etsy.com,Female
811,Michaela,Jeratt,mjerattmi@photobucket.com,Female
812,Mahala,Ratke,mratkemj@youtube.com,Male
813,Madelaine,Dubarry,mdubarrymk@dmoz.org,Male
814,Zachery,Astall,zastallml@google.co.jp,Male
815,Jillane,Mereweather,jmereweathermm@engadget.com,Male
816,Brana,Cordsen,bcordsenmn@pinterest.com,Female
817,Hedvige,Calyton,hcalytonmo@imageshack.us,Female
818,Arturo,Chander,achandermp@taobao.com,Female
819,Westbrooke,Malatalant,wmalatalantmq@purevolume.com,Female
820,Maurice,Dickon,mdickonmr@cmu.edu,Agender
821,Irwinn,Rickson,iricksonms@vk.com,Male
822,Cristie,Oleshunin,coleshuninmt@simplemachines.org,Female
823,Antoine,Perrin,aperrinmu@amazon.co.uk,Polygender
824,Tull,Cake,tcakemv@wsj.com,Non-binary
825,Jeth,Chelsom,jchelsommw@indiegogo.com,Male
826,Conant,Alldritt,calldrittmx@storify.com,Female
827,Jackqueline,Wolstenholme,jwolstenholmemy@nymag.com,Agender
828,Clementina,Lavrinov,clavrinovmz@yahoo.co.jp,Male
829,Stephie,Duchenne,sduchennen0@diigo.com,Male
830,Kelly,Brechin,kbrechinn1@slideshare.net,Male
831,Jobie,Woodson,jwoodsonn2@myspace.com,Female
832,Cherlyn,Blenkinsop,cblenkinsopn3@flavors.me,Female
833,Jarret,Lahiff,jlahiffn4@furl.net,Female
834,Aaren,Rastall,arastalln5@kickstarter.com,Male
835,Cherish,De Lacey,cdelaceyn6@seesaa.net,Male
836,Caye,Kingsnoad,ckingsnoadn7@technorati.com,Genderfluid
837,Birgitta,Demko,bdemkon8@sciencedirect.com,Female
838,Adah,Ellit,aellitn9@fastcompany.com,Male
839,Sarine,Townes,stownesna@hp.com,Female
840,Alley,Borges,aborgesnb@arizona.edu,Male
841,Geoff,Tiernan,gtiernannc@dion.ne.jp,Female
842,Arturo,Brussels,abrusselsnd@sourceforge.net,Female
843,Madalyn,Hansie,mhansiene@wordpress.com,Male
844,Jany,Chesworth,jchesworthnf@hostgator.com,Male
845,Kattie,Hitschke,khitschkeng@hhs.gov,Male
846,Arabele,Pablos,apablosnh@cbsnews.com,Male
847,Ingrid,Abels,iabelsni@epa.gov,Female
848,Odey,Greenshiels,ogreenshielsnj@earthlink.net,Female
849,Elora,Ackhurst,eackhurstnk@sohu.com,Female
850,Fernandina,Diggins,fdigginsnl@plala.or.jp,Female
851,Gavrielle,Cappell,gcappellnm@reference.com,Female
852,Hayyim,Golsthorp,hgolsthorpnn@state.gov,Female
853,Saxon,O'Doherty,sodohertyno@google.de,Female
854,Tabina,Tomasz,ttomasznp@ow.ly,Male
855,Pennie,Chazier,pchaziernq@redcross.org,Male
856,Humfried,Wapple,hwapplenr@wisc.edu,Female
857,Derry,Brennans,dbrennansns@uiuc.edu,Female
858,Pebrook,Petrolli,ppetrollint@google.co.jp,Female
859,Brannon,Larciere,blarcierenu@deviantart.com,Agender
860,Owen,Dugmore,odugmorenv@google.cn,Female
861,Ricard,Stidson,rstidsonnw@cmu.edu,Bigender
862,Jehanna,Machans,jmachansnx@taobao.com,Male
863,Billye,Akitt,bakittny@goo.gl,Male
864,Sullivan,Kimber,skimbernz@disqus.com,Male
865,Marta,Wyldbore,mwyldboreo0@plala.or.jp,Female
866,Ebony,Guiness,eguinesso1@jigsy.com,Female
867,Arin,McCrorie,amccrorieo2@youtube.com,Bigender
868,Fay,Olin,folino3@dedecms.com,Female
869,Theadora,Tace,ttaceo4@usa.gov,Female
870,Melosa,Chandlar,mchandlaro5@discuz.net,Male
871,Analiese,Tierny,atiernyo6@biblegateway.com,Male
872,Randi,Kigelman,rkigelmano7@oakley.com,Non-binary
873,Bobine,O'Doogan,bodoogano8@trellian.com,Female
874,Jarrid,Rentoul,jrentoulo9@comsenz.com,Male
875,Corabella,Loges,clogesoa@disqus.com,Male
876,Cecilio,Duprey,cdupreyob@ca.gov,Female
877,Nealon,Audry,naudryoc@example.com,Male
878,Cody,Vaan,cvaanod@cdc.gov,Female
879,Lola,Joiris,ljoirisoe@dmoz.org,Genderfluid
880,Read,Ablitt,rablittof@lulu.com,Male
881,Kippy,Brennenstuhl,kbrennenstuhlog@theatlantic.com,Female
882,Jethro,Vannoort,jvannoortoh@alibaba.com,Male
883,Amalee,Hadgraft,ahadgraftoi@woothemes.com,Male
884,Codee,Ionesco,cionescooj@sitemeter.com,Male
885,Glennis,Allbut,gallbutok@globo.com,Male
886,Otis,Toothill,otoothillol@cbc.ca,Genderqueer
887,Tull,Mattityahou,tmattityahouom@skype.com,Female
888,Ram,Murney,rmurneyon@huffingtonpost.com,Non-binary
889,Antonietta,Atthow,aatthowoo@mayoclinic.com,Female
890,Mil,Dei,mdeiop@ning.com,Male
891,Ajay,Galia,agaliaoq@multiply.com,Female
892,Gallard,Antonin,gantoninor@reuters.com,Female
893,Alessandra,Emmens,aemmensos@jimdo.com,Female
894,Melodie,Jauncey,mjaunceyot@rambler.ru,Male
895,Yulma,Airdrie,yairdrieou@google.com.hk,Female
896,Doris,Whibley,dwhibleyov@cargocollective.com,Female
897,Nerte,Tregea,ntregeaow@github.com,Female
898,Nikolaos,Hebson,nhebsonox@cnbc.com,Female
899,Serene,Ruddock,sruddockoy@jugem.jp,Male
900,Roselia,Footer,rfooteroz@freewebs.com,Male
901,Axe,Trapp,atrappp0@alibaba.com,Non-binary
902,Darnell,Petrik,dpetrikp1@bravesites.com,Male
903,Helyn,Petrichat,hpetrichatp2@jigsy.com,Female
904,Quintus,Goodricke,qgoodrickep3@uol.com.br,Female
905,Charmain,Pretley,cpretleyp4@google.fr,Female
906,Ottilie,Lighten,olightenp5@census.gov,Male
907,Kellen,Limpertz,klimpertzp6@spiegel.de,Male
908,Alyosha,Pleven,aplevenp7@aboutads.info,Male
909,Sioux,Dummer,sdummerp8@joomla.org,Male
910,Perceval,Higgan,phigganp9@amazon.de,Non-binary
911,Dannie,Audibert,daudibertpa@latimes.com,Female
912,Terrel,Brundle,tbrundlepb@zimbio.com,Female
913,Marna,Rouge,mrougepc@cbc.ca,Female
914,Giavani,Skittrell,gskittrellpd@oracle.com,Male
915,Lucina,Huggin,lhugginpe@pbs.org,Female
916,Fulton,Kohlert,fkohlertpf@ox.ac.uk,Male
917,Lu,Bunker,lbunkerpg@dagondesign.com,Male
918,Cordi,Warry,cwarryph@rediff.com,Male
919,Marisa,Kopp,mkopppi@macromedia.com,Female
920,Tabbi,Korbmaker,tkorbmakerpj@boston.com,Female
921,Odo,Duran,oduranpk@spotify.com,Male
922,Helaina,Do Rosario,hdorosariopl@stumbleupon.com,Female
923,Terra,Jakubowicz,tjakubowiczpm@mtv.com,Female
924,Lida,Haley,lhaleypn@toplist.cz,Male
925,Deeann,Vowdon,dvowdonpo@nationalgeographic.com,Male
926,Pietro,Ramel,pramelpp@sciencedirect.com,Female
927,Buffy,Batey,bbateypq@aboutads.info,Male
928,Vlad,Seal,vsealpr@opensource.org,Male
929,Marga,Bollam,mbollamps@ebay.co.uk,Male
930,Merle,Ricardot,mricardotpt@indiatimes.com,Female
931,Glenn,Jakobsson,gjakobssonpu@infoseek.co.jp,Female
932,Danika,Siemandl,dsiemandlpv@salon.com,Female
933,Wilona,Patington,wpatingtonpw@github.com,Male
934,Dag,Steketee,dsteketeepx@princeton.edu,Female
935,Cara,Guirard,cguirardpy@google.fr,Male
936,Alicea,Nazair,anazairpz@ca.gov,Female
937,Raleigh,Grinikhinov,rgrinikhinovq0@fotki.com,Bigender
938,Billie,Sandiford,bsandifordq1@blogtalkradio.com,Female
939,Sterling,Scipsey,sscipseyq2@ovh.net,Female
940,Freda,Joyes,fjoyesq3@photobucket.com,Male
941,Ree,Durbridge,rdurbridgeq4@nbcnews.com,Male
942,Barton,Stanion,bstanionq5@state.gov,Male
943,Eada,Berford,eberfordq6@123-reg.co.uk,Female
944,Faina,Seeney,fseeneyq7@addtoany.com,Female
945,Rosemonde,Abdey,rabdeyq8@free.fr,Female
946,Terrel,Santori,tsantoriq9@sphinn.com,Female
947,Annaliese,Stack,astackqa@washingtonpost.com,Male
948,Maximilianus,Spellard,mspellardqb@zdnet.com,Female
949,Bernard,Draycott,bdraycottqc@liveinternet.ru,Genderfluid
950,Rriocard,Leven,rlevenqd@state.gov,Female
951,Koressa,Aronstein,karonsteinqe@1und1.de,Female
952,Ericka,Kestle,ekestleqf@oracle.com,Female
953,Sissie,Lavallie,slavallieqg@si.edu,Female
954,Cletus,Lambrook,clambrookqh@twitter.com,Female
955,Xever,MacCombe,xmaccombeqi@amazonaws.com,Female
956,Bay,Trittam,btrittamqj@google.co.uk,Female
957,Christel,Beamand,cbeamandqk@fotki.com,Male
958,Astra,Wallen,awallenql@globo.com,Male
959,Elayne,Cutforth,ecutforthqm@dagondesign.com,Genderqueer
960,Cristina,Denyukhin,cdenyukhinqn@artisteer.com,Female
961,Blaire,Boshers,bboshersqo@ed.gov,Female
962,Livy,Baseley,lbaseleyqp@reddit.com,Female
963,Kalvin,Braban,kbrabanqq@tripod.com,Male
964,Nessie,Olding,noldingqr@statcounter.com,Female
965,Genia,Earey,geareyqs@1und1.de,Male
966,Joanie,Giovannilli,jgiovannilliqt@example.com,Female
967,Eddy,Inger,eingerqu@usatoday.com,Male
968,Barton,Leak,bleakqv@omniture.com,Female
969,Nancy,Tribell,ntribellqw@odnoklassniki.ru,Bigender
970,Lynde,Brayn,lbraynqx@princeton.edu,Male
971,Phelia,Hubble,phubbleqy@google.com.br,Male
972,Dewey,Stalf,dstalfqz@bigcartel.com,Female
973,Lenore,Moohan,lmoohanr0@europa.eu,Male
974,Eilis,Collin,ecollinr1@nba.com,Male
975,Cello,Barttrum,cbarttrumr2@clickbank.net,Male
976,Carlo,Renhard,crenhardr3@omniture.com,Male
977,Kahaleel,Phear,kphearr4@freewebs.com,Female
978,Neron,Postan,npostanr5@fda.gov,Male
979,Donnell,Dolman,ddolmanr6@blinklist.com,Male
980,Niall,Gosling,ngoslingr7@ftc.gov,Female
981,Dar,Bendare,dbendarer8@gizmodo.com,Genderfluid
982,Ariela,Hedgeley,ahedgeleyr9@youku.com,Female
983,Giustino,Benmore,gbenmorera@scientificamerican.com,Male
984,Shelly,Swayte,sswayterb@friendfeed.com,Female
985,Emmey,Belham,ebelhamrc@msn.com,Male
986,Agretha,Mountlow,amountlowrd@dailymail.co.uk,Non-binary
987,Domini,Woolgar,dwoolgarre@devhub.com,Agender
988,Huntington,Blaber,hblaberrf@spiegel.de,Male
989,Ann,Dennehy,adennehyrg@php.net,Male
990,Godfry,Bullant,gbullantrh@cbsnews.com,Female
991,Othello,Glasson,oglassonri@gmpg.org,Female
992,Yalonda,Keele,ykeelerj@example.com,Female
993,Kip,Jacobowicz,kjacobowiczrk@geocities.com,Female
994,Alphonso,Paige,apaigerl@chicagotribune.com,Male
995,Carmen,Tallent,ctallentrm@prlog.org,Male
996,Gaile,Van der Beken,gvanderbekenrn@ask.com,Female
997,Angy,Horsewood,ahorsewoodro@hugedomains.com,Female
998,Suzann,Kristufek,skristufekrp@vimeo.com,Male
999,Even,Lakeman,elakemanrq@ycombinator.com,Male
1000,Eugenia,Blodgetts,eblodgettsrr@goo.ne.jp,Female
